3982^Fuhlen Fuller M8 glare dancer fashion energy-saving wireless mouse (grass green) (glare. Yuedong. fashion dazzling dance mouse 12 months without battery replacement, high-precision optical tracking engine, ultra-fine receiver 10 meters transmission distance)^1057,439,736^B009EJN4T2^https://images-cn-4.ssl-images-amazon.com/images/I/31QPvUDNavL._SY300_QL70_.jpg^Peripherals|Mouse|Computer|Office^Fuller|Mouse|Electronics|EasytoUse|BeautifulAppearance
6797^PHILIPS Philips HQ912/15 two-head rechargeable electric shaver^222,621,691^B002TKLK0S^https://images-cn-4.ssl-images-amazon.com/images/I/415UjOLnBML._SY300_QL70_.jpg^HomeAppliances|PersonalCareAppliances|ElectricShavers^Philips|Shavers|HouseholdAppliances|EasytoUse|BeautifulLooks
8195^Kingston Kingston Class4 32G TF card (micro SD) mobile phone memory card^1057,268,902^B004W5MVL0^https://images-cn-4.ssl-images-amazon.com/images/I/41zUS3RjvRL._SY300_QL70_.jpg^StorageDevices|MemoryCards|Computers|Office^MemoryCard|Kingston|SDCard|LargeCapacity|FastSpeed|EasytoUse
13316^Kingston Kingston DataTraveler 101 G2 32GB USB^1057,268,378^B003TJ99M4^https://images-cn-4.ssl-images-amazon.com/images/I/41nIbzEKQCL._SY300_QL70_.jpg^StorageDevice|UDisk|Computer|Office^USB|Kingston|Easytouse|Largecapacity|Fastspeed
13543^CAI KA ng with sway of speaking^832,519,402^B0047Y19CI^https://images-cn-4.ssl-images-amazon.com/images/I/51RCZJf9vSL._SY344_BO1,204,203,200_QL70_.jpg^YouthLiterature|LiteratureandArt|BookAudiovisual^CaiKangyong|Wellwritten|Inexpensive|Goodcontent|Book
14103^SanDisk microSDXC Class10 64GB ultra high-speed mobile memory card UHS-1 standard read and write speed up to 30MB/s^1057,268,902^B007WTAJTO^https://images-cn-4.ssl-images-amazon.com/images/I/41mU1iHKkkL._SX300_QL70_.jpg^StorageDevices|MemoryCards|Computers|Office^MemoryCard|SDCard|LargeCapacity|SanDisk|FastSpeed|EasytoUse
21643^L'OREAL PARIS Paris Men's Power Refreshing Lotion 8 Actions 50ml^916,502,352^B0010MBKHO^https://images-cn-4.ssl-images-amazon.com/images/I/41%2B4D64-AEL._SY300_QL70_.jpg^Men'sLotion|FacialCream|Men'sSkinCare|BeautyPersonalCare^Easytouse|Skincare|Fastdelivery|L'Oreal
32512^Lock&lock Teacup HPL934M^933,833,289^B001GNBOTG^https://images-cn-4.ssl-images-amazon.com/images/I/41KDlN3n7-L._SY300_QL70_.jpg^Cups|Kettles|Kitchen|Tableware|HomeLife^Kettle|EasytoUse|Lock&Lock|FastDelivery|GoodQuality
33864^PNY Bianwei New York Gemini Disk Sweet Peach 16GB USB Flash Drive^1057,268,378^B003STDEG2^https://images-cn-4.ssl-images-amazon.com/images/I/41Aej5QYV0L._SY300_QL70_.jpg^StorageDevice|UDisk|Computer|Office^OfficeSupplies|USBFlashDrive|Bianwei|Largecapacity|Fastspeed
48907^Facial Cleansing Specialty Soft-Che Foaming Cleansing Lotion 150ml (In)^916,451,406^B001CC1VVC^https://images-cn-4.ssl-images-amazon.com/images/I/41CztXe4GrL._SY300_QL70_.jpg^Cleansing|FacialCare|BeautyandPersonalCare^Easytouse|Womenonly|Forfacewash|Fastdelivery
57272^Because of the pain, it is called youth: to you who stand alone at the intersection of life (hardcover version)^832,519,402^B00AQT8SPE^https://images-cn-4.ssl-images-amazon.com/images/I/51gKCDBk5WL._SY344_BO1,204,203,200_QL70_.jpg^YouthLiterature|LiteratureandArt|BookAudiovisual^Good-looking|Richincontent|Book|YouthLiterature|Fiction|Inspirational|Inexpensive|Goodcontent
62138^WD Western Digital My Passport 2.5' USB3.0 2TB Mobile Hard Drive (Black WDBY8L0020BBK-PESN-CH)^1057,268,814^B007S9KS26^https://images-cn-4.ssl-images-amazon.com/images/I/41zV8SlYd2L._SY300_QL70_.jpg^StorageDevice|MobileHardDisk|Computer|Office^WD|WesternDigital|HardDrive|Largecapacity|Fastspeed|Easytouse
66003^Nokia N1280 (NOKIA N1280) Simple Ultra-Long Standby Candybar Phone (Black)^1128,640,304^B003V8AK58^https://images-cn-4.ssl-images-amazon.com/images/I/41gmpH48SIL._SY300_QL70_.jpg^CellPhone|CellPhoneCommunication|CellPhone|Digital^Goodcallquality|Nokiahasnothingtosay|Nokia|Mobile|Fastdelivery|Easytouse
75701^The world is different because of you: Kai-fu Lee's autobiography^832,151,305^B002NX0H3C^https://images-cn-4.ssl-images-amazon.com/images/I/41yOWkivkKL._SX258_BO1,204,203,200_QL70_.jpg^EconomicsandManagementBooks|Success|Inspirational|BooksandVideos^Book|EconomicManagement|Inspirational|Kai-FuLee|Wellwritten|Goodcontent
90564^The forest in Norway^832,723,221^B0011F7CXQ^https://images-cn-4.ssl-images-amazon.com/images/I/41QgGeshKaL._SY344_BO1,204,203,200_QL70_.jpg^Politics|Military|HumanitiesandSocialSciencesBooks|BooksAudio-Video^Book|Fiction|LiteraryWorks|HarukiMurakami|JapaneseLiterature|Good-looking|GoodContent|WhenwillMurakamiwintheNobelPrize
90897^Elizabeth Arden Elizabeth Arden Green Tea Perfume 30ml (In)^916,416,553^B0018LW0TE^https://images-cn-4.ssl-images-amazon.com/images/I/41tHdnLVN1L._SY300_QL70_.jpg^Makeup|Perfume|BeautyandPersonalCare^Cosmetics|Elizabeth|Perfume|GreenTeaFlavor|EasytoUse|FastDelivery|Comfortabletouse
102383^In 30 years, what will you be doing to support yourself?^832,151,934^B003F25VPY^https://images-cn-4.ssl-images-amazon.com/images/I/51FlI%2BU0TjL._SY344_BO1,204,203,200_QL70_.jpg^EconomicsandManagementBooks|BooksandVideos|InvestmentandFinancialManagement^Books|Management|Inspirational|ChickenSoup|Good-looking|Fastdelivery
102886^Ten Years of Backpacking: My Profession is Travel^832,665,121^B0043M5BKU^https://images-cn-4.ssl-images-amazon.com/images/I/51QKIg6DjCL._SY344_BO1,204,203,200_QL70_.jpg^Travel|Maps|LifeBooks|BooksAudio-Video^Book|Travel|Backpackermust-see|Good-looking|Inspirational|Goodcontent
104168^Thank you for leaving me^832,1101,1086^B00BSJVKTW^https://images-cn-4.ssl-images-amazon.com/images/I/41Y3d7LHs8L._SX258_BO1,204,203,200_QL70_.jpg^BookAudioVideo|Children|Children|EducationalBooks^Books|Educational|Children'sBooks|Good-looking|VeryEducational|GoodContent
109236^Because of the pain, it is called youth: to you who stand alone at the intersection of life^832,519,402^B00AE3BSSQ^https://images-cn-4.ssl-images-amazon.com/images/I/51cQTMsG1%2BL._SY445_QL70_.jpg^YouthLiterature|LiteratureandArt|BookAudiovisual^YouthLiterature|Book|GoodContent|Good-looking|ChickenSoup
116405^The World's Greatest Salesman (with disk)^832,1101,1086^B0011APV4I^https://images-cn-4.ssl-images-amazon.com/images/I/51hEnkl-XtL._SY344_BO1,204,203,200_QL70_.jpg^BookAudioVideo|Children|Children|EducationalBooks^Book|Inspirational|BusinessManagement|ChickenSoup|Goodcontent
119166^TP-LINK TL-WN725N Micro 150M Wireless USB Network Card^1057,390,956^B00815793M^https://images-cn-4.ssl-images-amazon.com/images/I/51D5llrlF7L._SY300_QL70_.jpg^NetworkEquipment|NetworkCard|Computer|Office^NetworkCard|Electronics|TP-LINK|WirelessCard|GoodQuality|FastDelivery
122417^The unbearable lightness of life^832,723,396^B003YYSFRY^https://images-cn-4.ssl-images-amazon.com/images/I/41MDQrsiY%2BL._SY344_BO1,204,203,200_QL70_.jpg^Philosophy|Religion|HumanitiesandSocialSciencesBooks|BooksAudio-Video^Philosophy|Book|Fiction|MilanKundera|Kitsch|Beautiful|Unintelligible
126767^Philips Desk Lamp Metallic Silver Streamer Silver FDS500^571,326,327^B0010LCZCE^https://images-cn-4.ssl-images-amazon.com/images/I/31R6IorDsyL._SY300_QL70_.jpg^Lamps|TableLamps|Furniture|HomeImprovement|BuildingMaterials^Lamps|Furniture|Philips|Beautifulappearance|Fastdelivery
127544^Keleurn Beauty Body Shower Gel 550ml (Quiet and Fragrance) (Enter)^916,722,171^B001CBWAR2^https://images-cn-4.ssl-images-amazon.com/images/I/41VlhEnW8hL._SY300_QL70_.jpg^BodyWash|BodyCare|BeautyandPersonalCare^BodyWash|CanLeisurely|EasytoUse|Comfortabletouse
138554^These are the love you gave me^832,1101,1086^B003BNZV2K^https://images-cn-4.ssl-images-amazon.com/images/I/41yPN7iuAoL._SY344_BO1,204,203,200_QL70_.jpg^BookAudioVideo|Children|Children|EducationalBooks^Books|Children'sBooks|Educational|Inspirational|ChickenSoup|Good-looking|GoodContent
139060^Neutrogena Neutrogena Deep Purifying Facial Cleanser Two Special Pack 100g*2 (Sale) (New and old packaging is being replaced, random delivery)^916,451,406^B003XCMF4Q^https://images-cn-4.ssl-images-amazon.com/images/I/41QbMo3uK%2BL._SY300_QL70_.jpg^Cleansing|FacialCare|BeautyandPersonalCare^FacialCleanser|Cosmetics|Neutrogena|EasytoUse|ComfortabletoUse|FastDelivery
145218^A good mother is better than a good teacher^832,665,45^B0055X675Y^https://images-cn-4.ssl-images-amazon.com/images/I/41DBneaGRwL._SY344_BO1,204,203,200_QL70_.jpg^Parenting|Tutoring|LivingBooks|BookAudio-Video^Books|Educational|Wellwritten|Mr.YinJianli'sbookisreallygood|Inspiring|Fastdelivery|Damage
154318^Cetaphil Cetaphil Facial Cleanser 200ml (Sales)^916,451,406^B001LRQS3E^https://images-cn-4.ssl-images-amazon.com/images/I/41alSseXdXL._SY300_QL70_.jpg^Cleansing|FacialCare|BeautyandPersonalCare^Cosmetics|FacialCleanser|FacialCare|ComfortabletoUse|Cetaphil
155001^PHILIPS Philips HP8203/00 Balanced Care Series Negative Ion Function Hair Dryer^222,621,521^B002TKLK58^https://images-cn-4.ssl-images-amazon.com/images/I/41vXzDEzLjL._SY300_QL70_.jpg^HomeAppliances|HairDryers|PersonalCareAppliances^Philips|Hairdryer|BeautifulAppearance|GoodQuality|HouseholdAppliances
156103^aura practice^832,151,305^B004IYJ320^https://images-cn-4.ssl-images-amazon.com/images/I/51tk-seyYsL._SY344_BO1,204,203,200_QL70_.jpg^EconomicsandManagementBooks|Success|Inspirational|BooksandVideos^Books|Economics|Inspirational|ChickenSoup|Garbage
160597^B Ai Luyuan^832,519,1^B006PB4MBQ^https://images-cn-4.ssl-images-amazon.com/images/I/41BXjDoU9HL._SY344_BO1,204,203,200_QL70_.jpg^Fiction|LiteraryArts|Books&Audio^book|novel|literature|good-looking|goodcontent|thebestmodernChinesenovel|describesthateraverywell|ChenZhongshi'smasterpiece
167781^Motorola Motorola XT788 3G mobile phone (black telecom customized) CDMA2000/GSM dual-mode dual-standby 1.2GHz dual-core Android 4.0 system 4.3-inch Corning scratch-resistant glass screen 800M back-illuminated camera 9.9mm ultra-thin body^1128,640,304^B00A327OPE^https://images-cn-4.ssl-images-amazon.com/images/I/51Cs2hDkupL._SY300_QL70_.jpg^CellPhone|CellPhoneCommunication|CellPhone|Digital^Motorola|MobilePhones|FastDelivery|EasytoUse|Electronics
183418^Whose youth is not confused^832,1101,1086^B00A67K0A2^https://images-cn-4.ssl-images-amazon.com/images/I/41TEclaV%2BfL._SY344_BO1,204,203,200_QL70_.jpg^BookAudioVideo|Children|Children|EducationalBooks^Books|Children'sBooks|ChickenSoup|Hehe|Inspirational|Trash
183679^New Kindle Paperwhite eBook Reader^1128,348,1119^B00CWPIDHI^https://images-cn-4.ssl-images-amazon.com/images/I/41xDoQ9vvTL._SY300_QL70_.jpg^DigitalVideo|ElectronicPaperBook|ElectronicReader|MobilePhone|^Electronics|Amazon|ElectronicPaperBooks|kindle|EasytoUse|FastDelivery|GoodQuality
184282^the one chasing a kite^832,519,1^B00HJFE7F8^https://images-cn-4.ssl-images-amazon.com/images/I/41Zu6wuZ4VL._SY344_BO1,204,203,200_QL70_.jpg^Fiction|LiteraryArts|Books&Audio^Book|Fiction|Literature|Verymoving|Cryingintheair|Good-looking|Fastdelivery|Goodcontent|Goodcontent
186429^The Catcher in the Rye^832,519,1^B004PYENZA^https://images-cn-4.ssl-images-amazon.com/images/I/41AqJNk7d7L._SY344_BO1,204,203,200_QL70_.jpg^Fiction|LiteraryArts|Books&Audio^book|verymoving|Sailinger|abitdecadent|novel|good-looking|goodcontent|literature
201454^The Little Prince (65th Anniversary Edition)^832,1101,1086^B003YJFNME^https://images-cn-4.ssl-images-amazon.com/images/I/51KgEWM2BiL._SY344_BO1,204,203,200_QL70_.jpg^BookAudioVideo|Children|Children|EducationalBooks^Book|Fiction|Literature|Verymoved|Icriedalot|Ireaditmanytimes|France
203971^How to speak so children will listen How to listen so children will speak (2012 revision)^832,665,45^B008JAO9Q4^https://images-cn-4.ssl-images-amazon.com/images/I/516txkpnK%2BL._SY344_BO1,204,203,200_QL70_.jpg^Parenting|Tutoring|LivingBooks|BookAudio-Video^Books|Educational|Children'sBooks|FastDelivery|Damage|Inspiring
204025^siege^832,519,1^B008NZL98G^https://images-cn-4.ssl-images-amazon.com/images/I/51G8wGPoHgL._SY344_BO1,204,203,200_QL70_.jpg^Fiction|LiteraryArts|Books&Audio^Book|Fiction|Literature|QianZhongshu|Theironyisverysharp|Beautiful|Damaged
206404^A must-have book for babies aged 0-3: classic fairy tales (10 books in a set) (masterpieces handed down from fairy tales)^832,1101,1086^B001CCSZC0^https://images-cn-4.ssl-images-amazon.com/images/I/51Aj56mwviL._SX258_BO1,204,203,200_QL70_.jpg^BookAudioVideo|Children|Children|EducationalBooks^Books|Educational|FairyTales|Good-looking|Richcontent|Childrenlikeitverymuch
218439^Why Sheng Xiao Mo (7th Anniversary Hardcover Collector's Edition)^832,723,396^B004LI9QL6^https://images-cn-4.ssl-images-amazon.com/images/I/51DbRsaJQ8L._SX258_BO1,204,203,200_QL70_.jpg^Philosophy|Religion|HumanitiesandSocialSciencesBooks|BooksAudio-Video^Book|Fiction|Good-looking|Trash|Hehe|Dog-bloodedlove
228884^The story of the Sahara^832,1101,1086^B005DRCQZ2^https://images-cn-4.ssl-images-amazon.com/images/I/41liBBduGwL._SY344_BO1,204,203,200_QL70_.jpg^BookAudioVideo|Children|Children|EducationalBooks^Book|Sanmao|Prose|Good-looking|Inspirational|Goodcontent|Notbad
231449^"To the youth that will eventually pass away (with ""To youth"" collection card book)"^832,519,402^B00C9U88OE^https://images-cn-4.ssl-images-amazon.com/images/I/51EzZjyJYfL._SX258_BO1,204,203,200_QL70_.jpg^YouthLiterature|LiteratureandArt|BookAudiovisual^book|dogblood|boughtabookafterwatchingamovie|damaged|fastdelivery|novel|youthliterature|literature
250451^The best times are on the road: China National Geographic^832,665,121^B0067WM594^https://images-cn-4.ssl-images-amazon.com/images/I/51avrbeLOKL._SY344_BO1,204,203,200_QL70_.jpg^Travel|Maps|LifeBooks|BooksAudio-Video^Book|Travel|NationalGeographicSeries|Good-looking|Informative
253869^Oxford Advanced English-Chinese Dictionary (7th Edition)^832,1101,921^B003EIJPBK^https://images-cn-4.ssl-images-amazon.com/images/I/51l0VjtzefL._SY344_BO1,204,203,200_QL70_.jpg^BooksandAudio|ForeignLanguages​​​​|Children|EducationalBooks^Book|English|Dictionary|Easytouse|AsexpectedfromOxfordUniversity|Classic|Fastdelivery
258451^Bear yogurt maker SNJ-10A (add 4 cup inner liner, green, customized by Amazon)^222,964,1020^B0010LCLBO^https://images-cn-4.ssl-images-amazon.com/images/I/41YFb2l1IlL._SY300_QL70_.jpg^HomeAppliances|KitchenAppliances|YogurtMaker^Bear|HouseholdAppliances|EasytoUse|YogurtMaker|FastDelivery|GoodQuality
259637^puppy money^832,1101,1086^B001UVT86K^https://images-cn-4.ssl-images-amazon.com/images/I/51oNLo7MsmL._SY344_BO1,204,203,200_QL70_.jpg^BookAudioVideo|Children|Children|EducationalBooks^Books|Children'sBooks|Educational|Children'sBooks|Good|Thechildrenlikeitverymuch
260348^Sears Intimate Parenting Encyclopedia (the most authoritative and most popular parenting encyclopedia in the world)^832,665,285^B0032S3VEE^https://images-cn-4.ssl-images-amazon.com/images/I/41XLbU3%2B3lL._SY344_BO1,204,203,200_QL70_.jpg^Parenting|EarlyEducation|LifeBooks|BooksAudio-Video^Books|Parenting|Educational|Good|Informative|Sears
275707^Guess how much I love you^832,1101,1086^B001O2HFL0^https://images-cn-4.ssl-images-amazon.com/images/I/51OaoKgR8RL._SX258_BO1,204,203,200_QL70_.jpg^BookAudioVideo|Children|Children|EducationalBooks^Books|Educational|Good|RichinContent|Children'sBooks|Good-looking
286997^Thousand Fiber Grass Cucumber Water 500ml^916,451,1123^B003X0BSP0^https://images-cn-4.ssl-images-amazon.com/images/I/31i7lIchHBL._SY300_QL70_.jpg^FacialCare|BeautyandPersonalCare|Lotion|Toner^Cosmetics|FacialCare|Canadia|FastDelivery|Comfortabletouse
294209^Don't be afraid of the future, don't think about the past^832,723,221^B00CGV0XA8^https://images-cn-4.ssl-images-amazon.com/images/I/51DbBJiAbOL._SY344_BO1,204,203,200_QL70_.jpg^Politics|Military|HumanitiesandSocialSciencesBooks|BooksAudio-Video^book|military|political|good-looking|broken|goodcontent
300265^Edifier Edifier H180 In-Ear Headphones White (Classic Fashion)^1057,439,992^B0010LGT4E^https://images-cn-4.ssl-images-amazon.com/images/I/41LUEX%2BDciL._SY300_QL70_.jpg^Peripherals|Headphones|Headsets|Computers|Office^Headphones|Earphones|Electronics|Wanderer|BeautifulAppearance|GoodQuality
302217^Elizabeth Arden Elizabeth Arden Green Tea Perfume 50ml(In)(Sale)^916,416,553^B002M77ZB6^https://images-cn-4.ssl-images-amazon.com/images/I/41AAc8vsA5L._SY300_QL70_.jpg^Makeup|Perfume|BeautyandPersonalCare^Cosmetics|Elizabeth|Perfume|EasytoUse|Fragrant|FastDelivery
314081^Shi Hanbing said: The big economic chess game, what should we do^832,723,221^B0051T7T7W^https://images-cn-4.ssl-images-amazon.com/images/I/51DDJuy6zbL._SX258_BO1,204,203,200_QL70_.jpg^Politics|Military|HumanitiesandSocialSciencesBooks|BooksAudio-Video^Book|Military|Political|ShiHanbing|EconomicandManagement|Nonsense|Inspirational|Good-looking
323519^Rapoo 1090 optical mouse (classic black) (intelligent automatic code matching/1000DPI high-precision optical engine)^1057,439,736^B004A91ARY^https://images-cn-4.ssl-images-amazon.com/images/I/410NDN9q1EL._SY300_QL70_.jpg^Peripherals|Mouse|Computer|Office^Electronics|Mouse|Peripherals|GoodQuality|Rapoo|FastDelivery|BeautifulAppearance|EasytoUse
326582^Mentholatum Mentholatum Men's Icy Charcoal Cleanser 150ml (Sales)^916,502,1025^B0010MBKA6^https://images-cn-4.ssl-images-amazon.com/images/I/41Jc24lBavL._SY300_QL70_.jpg^Men'sSkinCare|BeautyandPersonalCare|Men'sCleansing^Cosmetics|Men's|Mentholatum|EasytoUse|ComfortabletoUse|FastDelivery
333125^prime time^832,552,892^B004CTI6VU^https://images-cn-4.ssl-images-amazon.com/images/I/41Pzfrt4ZVL._SY344_BO1,204,203,200_QL70_.jpg^Audiovisual|BookAudiovisual|Audiobook^Books|Audiobooks|YouthLiterature|Literature|Fiction|
352021^Lenovo Lenovo A820T TD-SCDMA/GSM Dual SIM Dual Standby 3G Mobile Phone (White Mobile Customization) Quad Core 1.2G Processor 8MP^1128,640,304^B00EEUIFEK^https://images-cn-4.ssl-images-amazon.com/images/I/41GOej5rPUL._SX300_QL70_.jpg^CellPhone|CellPhoneCommunication|CellPhone|Digital^Lenovo|Mobilephone|Goodquality|Lenovophoneisnotbad|Easytouse|Longstandbytime
353799^Meditations^832,723,396^B0012UM1TU^https://images-cn-4.ssl-images-amazon.com/images/I/41MA9JZAjPL._SY344_BO1,204,203,200_QL70_.jpg^Philosophy|Religion|HumanitiesandSocialSciencesBooks|BooksAudio-Video^Book|Philosophy|Inspirational|Worthreadingandre-reading|Premier'srecommendation|Veryinspiring
365357^40 Weeks Pregnancy Perfect Plan (Upgraded Best-Selling Version)^832,665,566^B0036FU6FU^https://images-cn-4.ssl-images-amazon.com/images/I/51NKwb2S-jL._SX258_BO1,204,203,200_QL70_.jpg^Maternity|PrenatalEducation|LifeBooks|BooksandVideos^Books|Parenting|Education|
367460^Lenovo Lenovo A820T 3G mobile phone (deep black) TD-SCDMA/GSM dual card dual standby quad core 1.2G processor 8 million pixels^1128,640,304^B00CBRGTJQ^https://images-cn-4.ssl-images-amazon.com/images/I/412LjS0KhpL._SY300_QL70_.jpg^CellPhone|CellPhoneCommunication|CellPhone|Digital^Mobilephone|Lenovo|Longstandbytime|Easytouse|Goodquality
371783^Modern Chinese Dictionary (6th Edition)^832,476,739^B008JAF6HA^https://images-cn-4.ssl-images-amazon.com/images/I/511Gu6tkFuL._SY344_BO1,204,203,200_QL70_.jpg^OtherBooks|ReferenceBooks|BookAudiovisual^Book|Dictionary|EasytoUse|GoodQuality
379243^Sophie's World^832,1101,1116^B00116OYMW^https://images-cn-4.ssl-images-amazon.com/images/I/41yL3NnPJgL._SY344_BO1,204,203,200_QL70_.jpg^BookAudioVideo|Children|EducationalBook|Exam^Books|Philosophy|Easytounderstand|Worthreadingandre-reading
383502^The World Without Complaining (Updated Edition) (With 1 Complaint Bracelet)^832,665,170^B00DFXFU4U^https://images-cn-4.ssl-images-amazon.com/images/I/51tIPRToL3L._SX258_BO1,204,203,200_QL70_.jpg^Handmade|DIY|LifeBooks|BookAudioVideo^Book|ChickenSoup|Inspirational|Inspirational|Hehe
387693^My first mindfulness training book^832,1101,1086^B0083DP0CY^https://images-cn-4.ssl-images-amazon.com/images/I/61%2BcsqqaWtL._SX258_BO1,204,203,200_QL70_.jpg^BookAudioVideo|Children|Children|EducationalBooks^Books|Children'sBooks|Educational|RichContent|Inspirational
406697^Merries Kao diapers S82 (new imported from Japan) suitable for 4-8kg^911,572,822^B0019C9KMC^https://images-cn-4.ssl-images-amazon.com/images/I/51GdcVwBEeL._SY300_QL70_.jpg^Diaperwipes|Diapers|Lalapants|Diapers|Motherandbaby|Toys^Diapers|EasytoUse|Kao|MotherandBabyProducts|FastDelivery|GoodQuality
407523^give you a bullet^832,552,115^B00358C4WG^https://images-cn-4.ssl-images-amazon.com/images/I/41hIu%2BPUP%2BL._SY344_BO1,204,203,200_QL70_.jpg^Cartoon|AudioVideo|BookAudioVideo^Book|Fastdelivery|Prose|LiuYu'sbookmustbesupported|Damage
407816^"Are you happy? (A complete CD of ""Bai Yansong's Lecture at Yale University"" is attached)"^832,1101,921^B0041D9R8S^https://images-cn-4.ssl-images-amazon.com/images/I/51PuWq263LL._SY344_BO1,204,203,200_QL70_.jpg^BooksandAudio|ForeignLanguages​​​​|Children|EducationalBooks^Book|Education|ChickenSoup|Inspiration|BaiYansong|Speech
410608^Hals HB-500F Vacuum Sling Insulation Cup 500ml^933,833,743^B0010M577S^https://images-cn-4.ssl-images-amazon.com/images/I/41QCHGhjlML._SY300_QL70_.jpg^ThermosCup|InsulationPot|Kitchen|Tableware|HomeLife^ThermosCup|Hals|Cutlery|Easytouse|Goodquality
410716^Standard Japanese for Sino-Japanese Communication (Elementary) (Volume 1 and 2 of the Set)^832,1101,921^B0011685PY^https://images-cn-4.ssl-images-amazon.com/images/I/51PtQsbW%2B-L._SX258_BO1,204,203,200_QL70_.jpg^BooksandAudio|ForeignLanguages​​​​|Children|EducationalBooks^Books|Educational|Japanese|Textbooks|Fastdelivery
425715^The three of us (big print version)^832,519,599^B00CSJ79QO^https://images-cn-4.ssl-images-amazon.com/images/I/416uOM6O9nL._SY344_BO1,204,203,200_QL70_.jpg^LiteratureandArts|Literature|BooksandAudio^book|prose|literature|yangJiang|QIanZSweetPotato|good-looking|verytouching
437230^three cups of tea^832,519,1^B001J0083Y^https://images-cn-4.ssl-images-amazon.com/images/I/5146UDza%2BDL._SY344_BO1,204,203,200_QL70_.jpg^Fiction|LiteraryArts|Books&Audio^book|prose|literature|wellwritten|goodcontent
438242^EARISE AL-202 2.0 Channel Wire Control Notebook Speaker (Black)^1057,439,1064^B004KJE3OG^https://images-cn-4.ssl-images-amazon.com/images/I/41F1x3mdPsL._SY300_QL70_.jpg^Peripherals|Computers|Office|ComputerSpeakers^Yalanz|Speakers|ElectronicProducts|BeautifulAppearance
442300^Bowl^832,519,599^B0011BTNSM^https://images-cn-4.ssl-images-amazon.com/images/I/41kcaeWon7L._SY344_BO1,204,203,200_QL70_.jpg^LiteratureandArts|Literature|BooksandAudio^book|literature|poetry|wellwritten|good-looking|easytounderstand|fastdelivery
442353^Three Kingdoms^832,519,1^B0011BZQRO^https://images-cn-4.ssl-images-amazon.com/images/I/51Wyy6utXlL._SY344_BO1,204,203,200_QL70_.jpg^Fiction|LiteraryArts|Books&Audio^Book|Literature|FourFamousNovels|LuoGuanzhong|Good-looking|WorthRereading|TraditionalCulture|Fiction
443787^Midea Humidifier S20U-M Mi Baby (Random Color)^222,397,248^B002OL1Q4C^https://images-cn-4.ssl-images-amazon.com/images/I/415XuLOUXOL._SY300_QL70_.jpg^HomeAppliances|Humidification|Dehumidifiers|LivingAppliances^Midea|HouseholdAppliances|Humidifier|BeautifulAppearance|GoodQuality|EasytoUse
457976^the three of us^832,723,586^B00116TMWE^https://images-cn-4.ssl-images-amazon.com/images/I/41d6KLz9MDL._SY344_BO1,204,203,200_QL70_.jpg^Biography|HumanitiesandSocialSciencesBooks|BooksAudio-Video^book|prose|literature|yangJiang|QIanZSweetPotato|good-looking|verytouching
459600^Children's Animal Encyclopedia^832,665,285^B00264G2IW^https://images-cn-4.ssl-images-amazon.com/images/I/61fOjNlt39L._SX258_BO1,204,203,200_QL70_.jpg^Parenting|EarlyEducation|LifeBooks|BooksAudio-Video^Book|EarlyEducation|Education|Parenting|Children'sBooks|Encyclopedia|RichContent
460360^Styliving Baoyuhe BFNC066B Black Lacquer Mini Four-Tier Shelf^933,217,224^B004323XTQ^https://images-cn-4.ssl-images-amazon.com/images/I/41Ri4BCfTeL._SY300_QL70_.jpg^Storageandfinishing|Storage|Homelife^HomeLife|EasytoUse|GoodQuality|FastDelivery
469516^Pride and Prejudice (English Ver.)^832,1101,921^B001IXR5GK^https://images-cn-4.ssl-images-amazon.com/images/I/51oDRwjsCaL._SX258_BO1,204,203,200_QL70_.jpg^BooksandAudio|ForeignLanguages​​​​|Children|EducationalBooks^Book|Fiction|Literature|English|JaneAusten|EnglishFiction|
470839^Han Han: Solo Group (Part 1)^832,519,402^B003SLE38I^https://images-cn-4.ssl-images-amazon.com/images/I/51wDiU3JacL._SY344_BO1,204,203,200_QL70_.jpg^YouthLiterature|LiteratureandArt|BookAudiovisual^Book|Magazine|HanHan|Literature|SoloGroup|Good-looking|Onlyoneissue
473113^alive^832,552,892^B00GLJG7R4^https://images-cn-4.ssl-images-amazon.com/images/I/51UETWQschL._SY344_BO1,204,203,200_QL70_.jpg^Audiovisual|BookAudiovisual|Audiobook^book|novel|YuHua|verymoving|literary|depressedtoread|wellwritten
474201^How to speak so children will listen How to listen so children will speak^832,665,45^B0011C57ZE^https://images-cn-4.ssl-images-amazon.com/images/I/51Qk-5K4BTL._SY344_BO1,204,203,200_QL70_.jpg^Parenting|Tutoring|LivingBooks|BookAudio-Video^Books|Education|Parenting|Informative|Inspiring
474853^Check the name of a cat waterproof and tear-proof eyelashes combination (mascara 8ml + eyeliner 6ml)^916,416,255^B001LK780S^https://images-cn-4.ssl-images-amazon.com/images/I/31fB78eT38L._SY300_QL70_.jpg^Mascara|Makeup|Beauty&PersonalCare^Cosmetics|Mascara|EasytoUse|GoodQuality|Comfortabletouse
487126^Between reality and reality^832,519,599^B007STGNDO^https://images-cn-4.ssl-images-amazon.com/images/I/412qSligE2L._SY344_BO1,204,203,200_QL70_.jpg^LiteratureandArts|Literature|BooksandAudio^Book|Literature|Fiction|Good-looking|Goodcontent|Fastdelivery
489369^The Mystery of English Vocabulary (Revised Edition)^832,1101,1116^B001168O1O^https://images-cn-4.ssl-images-amazon.com/images/I/51dPPX1EIdL._SY344_BO1,204,203,200_QL70_.jpg^BookAudioVideo|Children|EducationalBook|Exam^Books|Dictionaries|English|Educational|Wellwritten
492579^A Dream of Red Mansions^832,1101,1086^B007ZZ9FQ8^https://images-cn-4.ssl-images-amazon.com/images/I/51ebqcYP-gL._SY344_BO1,204,203,200_QL70_.jpg^BookAudioVideo|Children|Children|EducationalBooks^Book|Fiction|Literature|FourFamousNovels|WorthRereading|CaoXueqin|Classic|TraditionalCulture
499898^Human Words Manuscript^832,519,599^B00116TCX8^https://images-cn-4.ssl-images-amazon.com/images/I/51tZT18-GsL._SY344_BO1,204,203,200_QL70_.jpg^LiteratureandArts|Literature|BooksandAudio^Book|Classic|TraditionalCulture|WangGuowei|Literature|Nothingtosay
501559^A4Tech Shuangfeiyan OP-520NU wired needle optical mouse USB interface black^1057,439,736^B004XKWWEK^https://images-cn-4.ssl-images-amazon.com/images/I/31k9g-C2h-L._SY300_QL70_.jpg^Peripherals|Mouse|Computer|Office^Mouse|Shuangfeiyan|OfficeSupplies|Peripherals|GoodQuality
505556^Casio Casio EDIFICE series three-eye six-pin quartz men's watch EF-305D-1AVDR^486,487,706^B001XCVEQ8^https://images-cn-4.ssl-images-amazon.com/images/I/51hdpobqULL._SY300_QL70_.jpg^Watches|Jewelry|Glasses|Gifts|Watches|Watches^Casio|Watch|Men's|GoodQuality|Inexpensive
507644^You are the April day in the world^832,519,1^B00515JQYK^https://images-cn-4.ssl-images-amazon.com/images/I/41n9yJRcBTL._SY344_BO1,204,203,200_QL70_.jpg^Fiction|LiteraryArts|Books&Audio^Book|Literature|Poetry|LinHuiyin|Wellwritten|It'ssogood
508447^Small Times 3.0 Golden Age (Limited Edition) (with Guo Jingming's latest photo postcards + 20 posters + special 3D glasses + 4 exquisite posters)^832,519,402^B006GK1B0G^https://images-cn-4.ssl-images-amazon.com/images/I/514%2ByTYTgOL._SY344_BO1,204,203,200_QL70_.jpg^YouthLiterature|LiteratureandArt|BookAudiovisual^youthliterature|books|novels|Haha|
511015^Wanli fifteen years^832,723,221^B0011CML4Y^https://images-cn-4.ssl-images-amazon.com/images/I/51aFUdyCbXL._SY344_BO1,204,203,200_QL70_.jpg^Politics|Military|HumanitiesandSocialSciencesBooks|BooksAudio-Video^Book|History|HuangRenyu|Politics|Military|Worthreadingandre-reading|MasterpiecesoftheGrandViewofHistory
517740^Step by step startling (new version) (with beautiful postcard)^832,519,402^B005MM1VGI^https://images-cn-4.ssl-images-amazon.com/images/I/51cl56NMqNL._SY344_BO1,204,203,200_QL70_.jpg^YouthLiterature|LiteratureandArt|BookAudiovisual^Book|YouthLiterature|StartlingStepbyStep|Trash|DogBlood|Hehe|Fiction
520943^Muslim funeral^571,165^B0011BQILW^https://images-cn-4.ssl-images-amazon.com/images/I/417dsC9NdOL._SY344_BO1,204,203,200_QL70_.jpg^CraftOrnaments|Furniture|HomeImprovement|BuildingMaterials^novel|book|good-looking|literature|dogblood|verymoving